"Topt","sim","site"
34.81,1000,"TX"
22.79,1000,"MO"
26.21,1000,"MI"
26.51,999,"TX"
34.56,999,"MO"
26.21,999,"MI"
28.81,998,"TX"
25.1,998,"MO"
34.61,998,"MI"
34.81,997,"TX"
34.67,997,"MO"
26.01,997,"MI"
34.81,996,"TX"
26.75,996,"MO"
24.11,996,"MI"
34.81,995,"TX"
34.89,995,"MO"
22.81,995,"MI"
25.51,994,"TX"
34.67,994,"MO"
23.21,994,"MI"
34.81,993,"TX"
24.77,993,"MO"
24.31,993,"MI"
28.21,992,"TX"
34.78,992,"MO"
23.81,992,"MI"
27.01,991,"TX"
7.72,991,"MO"
28.01,991,"MI"
34.81,990,"TX"
26.42,990,"MO"
24.41,990,"MI"
34.81,989,"TX"
34.67,989,"MO"
22.61,989,"MI"
29.41,988,"TX"
34.89,988,"MO"
23.51,988,"MI"
26.11,987,"TX"
7.61,987,"MO"
27.91,987,"MI"
23.01,986,"TX"
34.89,986,"MO"
25.61,986,"MI"
34.81,985,"TX"
34.67,985,"MO"
32.21,985,"MI"
23.31,984,"TX"
34.67,984,"MO"
30.11,984,"MI"
34.81,983,"TX"
7.61,983,"MO"
28.31,983,"MI"
34.61,982,"TX"
31.37,982,"MO"
20.51,982,"MI"
24.71,981,"TX"
34.67,981,"MO"
28.81,981,"MI"
27.91,980,"TX"
24.11,980,"MO"
34.61,980,"MI"
26.11,979,"TX"
34.67,979,"MO"
22.01,979,"MI"
24.31,978,"TX"
34.67,978,"MO"
28.01,978,"MI"
30.31,977,"TX"
34.67,977,"MO"
25.31,977,"MI"
34.81,976,"TX"
7.61,976,"MO"
23.81,976,"MI"
23.01,975,"TX"
34.78,975,"MO"
25.01,975,"MI"
34.81,974,"TX"
34.89,974,"MO"
25.11,974,"MI"
34.81,973,"TX"
7.61,973,"MO"
25.41,973,"MI"
27.31,972,"TX"
34.67,972,"MO"
26.71,972,"MI"
23.11,971,"TX"
24.22,971,"MO"
27.41,971,"MI"
34.81,970,"TX"
34.67,970,"MO"
28.51,970,"MI"
27.81,969,"TX"
34.67,969,"MO"
28.21,969,"MI"
27.01,968,"TX"
33.13,968,"MO"
28.91,968,"MI"
25.31,967,"TX"
34.78,967,"MO"
21.81,967,"MI"
34.61,966,"TX"
25.87,966,"MO"
28.21,966,"MI"
34.81,965,"TX"
34.78,965,"MO"
25.21,965,"MI"
29.11,964,"TX"
27.41,964,"MO"
34.61,964,"MI"
34.81,963,"TX"
27.74,963,"MO"
24.41,963,"MI"
34.81,962,"TX"
34.67,962,"MO"
25.31,962,"MI"
25.91,961,"TX"
34.67,961,"MO"
22.31,961,"MI"
34.81,960,"TX"
28.73,960,"MO"
26.01,960,"MI"
16.51,959,"TX"
34.78,959,"MO"
34.61,959,"MI"
34.81,958,"TX"
34.89,958,"MO"
23.11,958,"MI"
22.81,957,"TX"
34.89,957,"MO"
23.51,957,"MI"
34.81,956,"TX"
34.89,956,"MO"
31.21,956,"MI"
27.81,955,"TX"
34.89,955,"MO"
24.11,955,"MI"
23.71,954,"TX"
34.67,954,"MO"
23.81,954,"MI"
34.81,953,"TX"
34.67,953,"MO"
27.11,953,"MI"
23.41,952,"TX"
30.82,952,"MO"
23.61,952,"MI"
24.91,951,"TX"
29.39,951,"MO"
20.91,951,"MI"
25.21,950,"TX"
34.89,950,"MO"
26.41,950,"MI"
34.61,949,"TX"
34.67,949,"MO"
25.51,949,"MI"
34.81,948,"TX"
34.78,948,"MO"
34.81,948,"MI"
24.51,947,"TX"
34.67,947,"MO"
24.11,947,"MI"
27.91,946,"TX"
7.61,946,"MO"
29.61,946,"MI"
29.71,945,"TX"
12.23,945,"MO"
27.41,945,"MI"
34.81,944,"TX"
34.78,944,"MO"
29.41,944,"MI"
31.51,943,"TX"
7.61,943,"MO"
24.71,943,"MI"
34.81,942,"TX"
28.07,942,"MO"
23.51,942,"MI"
33.31,941,"TX"
34.67,941,"MO"
24.41,941,"MI"
34.81,940,"TX"
34.78,940,"MO"
25.01,940,"MI"
31.31,939,"TX"
30.38,939,"MO"
29.51,939,"MI"
24.11,938,"TX"
34.78,938,"MO"
23.51,938,"MI"
34.61,937,"TX"
7.61,937,"MO"
33.71,937,"MI"
34.81,936,"TX"
7.72,936,"MO"
24.41,936,"MI"
22.61,935,"TX"
34.67,935,"MO"
25.61,935,"MI"
24.61,934,"TX"
7.61,934,"MO"
23.21,934,"MI"
22.11,933,"TX"
26.64,933,"MO"
25.01,933,"MI"
25.11,932,"TX"
18.5,932,"MO"
25.01,932,"MI"
24.11,931,"TX"
34.89,931,"MO"
24.01,931,"MI"
34.81,930,"TX"
34.89,930,"MO"
27.91,930,"MI"
34.81,929,"TX"
24.88,929,"MO"
25.61,929,"MI"
34.61,928,"TX"
7.61,928,"MO"
27.41,928,"MI"
29.21,927,"TX"
34.89,927,"MO"
28.71,927,"MI"
28.81,926,"TX"
26.42,926,"MO"
24.11,926,"MI"
30.91,925,"TX"
34.78,925,"MO"
27.41,925,"MI"
20.41,924,"TX"
34.67,924,"MO"
22.51,924,"MI"
23.01,923,"TX"
34.89,923,"MO"
24.31,923,"MI"
34.61,922,"TX"
34.34,922,"MO"
34.51,922,"MI"
34.81,921,"TX"
34.67,921,"MO"
23.61,921,"MI"
34.61,920,"TX"
34.78,920,"MO"
27.71,920,"MI"
29.41,919,"TX"
34.67,919,"MO"
24.61,919,"MI"
34.81,918,"TX"
7.61,918,"MO"
28.41,918,"MI"
34.61,917,"TX"
20.48,917,"MO"
28.61,917,"MI"
29.21,916,"TX"
34.67,916,"MO"
24.41,916,"MI"
21.51,915,"TX"
30.49,915,"MO"
28.51,915,"MI"
24.61,914,"TX"
34.89,914,"MO"
25.01,914,"MI"
34.81,913,"TX"
34.78,913,"MO"
25.31,913,"MI"
23.51,912,"TX"
24.55,912,"MO"
22.31,912,"MI"
27.01,911,"TX"
25.54,911,"MO"
28.91,911,"MI"
34.81,910,"TX"
27.41,910,"MO"
22.21,910,"MI"
34.81,909,"TX"
34.67,909,"MO"
27.91,909,"MI"
34.81,908,"TX"
34.67,908,"MO"
25.91,908,"MI"
34.81,907,"TX"
7.61,907,"MO"
25.31,907,"MI"
28.21,906,"TX"
34.67,906,"MO"
23.81,906,"MI"
23.21,905,"TX"
34.67,905,"MO"
25.31,905,"MI"
34.81,904,"TX"
30.05,904,"MO"
22.51,904,"MI"
24.51,903,"TX"
34.89,903,"MO"
25.11,903,"MI"
28.51,902,"TX"
7.61,902,"MO"
34.61,902,"MI"
25.81,901,"TX"
34.89,901,"MO"
31.31,901,"MI"
24.31,900,"TX"
34.89,900,"MO"
34.81,900,"MI"
30.01,899,"TX"
34.67,899,"MO"
33.61,899,"MI"
24.81,898,"TX"
7.61,898,"MO"
24.91,898,"MI"
31.51,897,"TX"
7.61,897,"MO"
25.01,897,"MI"
34.81,896,"TX"
34.67,896,"MO"
26.81,896,"MI"
29.41,895,"TX"
34.89,895,"MO"
23.81,895,"MI"
23.51,894,"TX"
34.78,894,"MO"
21.61,894,"MI"
26.21,893,"TX"
34.89,893,"MO"
27.61,893,"MI"
21.01,892,"TX"
34.89,892,"MO"
21.91,892,"MI"
34.81,891,"TX"
28.07,891,"MO"
27.41,891,"MI"
7.81,890,"TX"
34.67,890,"MO"
26.81,890,"MI"
34.81,889,"TX"
7.61,889,"MO"
25.01,889,"MI"
27.91,888,"TX"
34.67,888,"MO"
34.61,888,"MI"
20.21,887,"TX"
34.89,887,"MO"
30.31,887,"MI"
32.81,886,"TX"
34.67,886,"MO"
29.41,886,"MI"
22.81,885,"TX"
34.89,885,"MO"
23.11,885,"MI"
34.81,884,"TX"
34.89,884,"MO"
22.21,884,"MI"
32.71,883,"TX"
24.11,883,"MO"
29.21,883,"MI"
34.81,882,"TX"
23.78,882,"MO"
24.91,882,"MI"
34.81,881,"TX"
34.89,881,"MO"
23.11,881,"MI"
29.41,880,"TX"
7.61,880,"MO"
31.01,880,"MI"
34.81,879,"TX"
34.45,879,"MO"
24.01,879,"MI"
34.81,878,"TX"
34.67,878,"MO"
30.11,878,"MI"
22.91,877,"TX"
34.89,877,"MO"
23.01,877,"MI"
24.81,876,"TX"
34.78,876,"MO"
23.41,876,"MI"
34.61,875,"TX"
34.67,875,"MO"
22.31,875,"MI"
34.81,874,"TX"
34.34,874,"MO"
34.61,874,"MI"
26.71,873,"TX"
34.67,873,"MO"
25.81,873,"MI"
23.61,872,"TX"
34.89,872,"MO"
21.41,872,"MI"
34.61,871,"TX"
30.82,871,"MO"
28.61,871,"MI"
30.91,870,"TX"
7.61,870,"MO"
27.41,870,"MI"
34.81,869,"TX"
34.67,869,"MO"
25.31,869,"MI"
25.81,868,"TX"
28.73,868,"MO"
23.11,868,"MI"
34.81,867,"TX"
34.78,867,"MO"
22.31,867,"MI"
34.81,866,"TX"
25.1,866,"MO"
25.31,866,"MI"
34.81,865,"TX"
17.95,865,"MO"
27.11,865,"MI"
20.51,864,"TX"
34.78,864,"MO"
34.61,864,"MI"
26.71,863,"TX"
7.61,863,"MO"
25.91,863,"MI"
34.81,862,"TX"
34.67,862,"MO"
21.71,862,"MI"
7.81,861,"TX"
30.38,861,"MO"
24.41,861,"MI"
26.11,860,"TX"
34.89,860,"MO"
25.61,860,"MI"
34.61,859,"TX"
34.67,859,"MO"
33.11,859,"MI"
34.61,858,"TX"
30.71,858,"MO"
23.51,858,"MI"
34.81,857,"TX"
34.67,857,"MO"
31.31,857,"MI"
34.81,856,"TX"
34.89,856,"MO"
34.81,856,"MI"
34.81,855,"TX"
25.21,855,"MO"
31.01,855,"MI"
29.21,854,"TX"
7.61,854,"MO"
26.01,854,"MI"
23.21,853,"TX"
34.89,853,"MO"
26.81,853,"MI"
34.61,852,"TX"
26.09,852,"MO"
24.11,852,"MI"
34.81,851,"TX"
24.55,851,"MO"
21.71,851,"MI"
34.81,850,"TX"
16.52,850,"MO"
23.71,850,"MI"
24.51,849,"TX"
34.89,849,"MO"
25.31,849,"MI"
34.61,848,"TX"
27.74,848,"MO"
24.71,848,"MI"
23.21,847,"TX"
34.67,847,"MO"
23.51,847,"MI"
25.31,846,"TX"
34.67,846,"MO"
22.61,846,"MI"
34.81,845,"TX"
7.61,845,"MO"
25.01,845,"MI"
7.81,844,"TX"
34.67,844,"MO"
26.21,844,"MI"
32.41,843,"TX"
34.67,843,"MO"
31.31,843,"MI"
26.71,842,"TX"
26.75,842,"MO"
25.61,842,"MI"
22.81,841,"TX"
34.67,841,"MO"
26.51,841,"MI"
34.61,840,"TX"
18.17,840,"MO"
34.61,840,"MI"
34.81,839,"TX"
31.59,839,"MO"
34.81,839,"MI"
34.81,838,"TX"
32.69,838,"MO"
23.81,838,"MI"
34.51,837,"TX"
34.67,837,"MO"
23.21,837,"MI"
28.41,836,"TX"
34.67,836,"MO"
30.41,836,"MI"
23.41,835,"TX"
33.79,835,"MO"
25.61,835,"MI"
28.21,834,"TX"
34.67,834,"MO"
24.71,834,"MI"
24.21,833,"TX"
34.89,833,"MO"
25.11,833,"MI"
25.31,832,"TX"
7.61,832,"MO"
25.21,832,"MI"
34.61,831,"TX"
34.67,831,"MO"
24.11,831,"MI"
34.81,830,"TX"
34.78,830,"MO"
23.71,830,"MI"
34.21,829,"TX"
7.61,829,"MO"
25.31,829,"MI"
34.81,828,"TX"
34.67,828,"MO"
25.31,828,"MI"
25.21,827,"TX"
33.02,827,"MO"
29.51,827,"MI"
7.71,826,"TX"
34.67,826,"MO"
26.21,826,"MI"
30.31,825,"TX"
34.67,825,"MO"
25.01,825,"MI"
34.81,824,"TX"
7.61,824,"MO"
28.11,824,"MI"
34.81,823,"TX"
28.4,823,"MO"
34.81,823,"MI"
34.81,822,"TX"
33.68,822,"MO"
26.51,822,"MI"
27.51,821,"TX"
20.92,821,"MO"
24.71,821,"MI"
22.81,820,"TX"
34.67,820,"MO"
30.01,820,"MI"
34.61,819,"TX"
33.02,819,"MO"
25.31,819,"MI"
34.81,818,"TX"
34.78,818,"MO"
29.41,818,"MI"
28.01,817,"TX"
7.61,817,"MO"
25.01,817,"MI"
34.81,816,"TX"
27.74,816,"MO"
21.41,816,"MI"
25.21,815,"TX"
28.51,815,"MO"
25.01,815,"MI"
24.41,814,"TX"
28.73,814,"MO"
24.71,814,"MI"
30.71,813,"TX"
34.67,813,"MO"
25.01,813,"MI"
26.41,812,"TX"
27.74,812,"MO"
24.11,812,"MI"
34.71,811,"TX"
31.04,811,"MO"
29.51,811,"MI"
34.81,810,"TX"
34.67,810,"MO"
22.91,810,"MI"
27.01,809,"TX"
34.67,809,"MO"
24.61,809,"MI"
23.31,808,"TX"
7.61,808,"MO"
34.81,808,"MI"
34.01,807,"TX"
30.38,807,"MO"
21.71,807,"MI"
34.81,806,"TX"
26.75,806,"MO"
34.81,806,"MI"
24.91,805,"TX"
29.17,805,"MO"
22.51,805,"MI"
34.81,804,"TX"
34.67,804,"MO"
28.51,804,"MI"
34.81,803,"TX"
34.78,803,"MO"
23.21,803,"MI"
26.11,802,"TX"
34.67,802,"MO"
31.31,802,"MI"
28.51,801,"TX"
34.78,801,"MO"
24.91,801,"MI"
30.11,800,"TX"
16.19,800,"MO"
25.01,800,"MI"
34.81,799,"TX"
7.61,799,"MO"
25.31,799,"MI"
34.81,798,"TX"
24.77,798,"MO"
24.91,798,"MI"
34.81,797,"TX"
22.46,797,"MO"
21.61,797,"MI"
28.21,796,"TX"
28.4,796,"MO"
22.91,796,"MI"
23.71,795,"TX"
34.67,795,"MO"
24.01,795,"MI"
34.81,794,"TX"
34.89,794,"MO"
26.21,794,"MI"
24.11,793,"TX"
34.67,793,"MO"
27.71,793,"MI"
34.81,792,"TX"
34.67,792,"MO"
28.31,792,"MI"
34.81,791,"TX"
24.77,791,"MO"
22.01,791,"MI"
26.51,790,"TX"
34.78,790,"MO"
34.81,790,"MI"
34.81,789,"TX"
34.89,789,"MO"
30.91,789,"MI"
7.81,788,"TX"
34.67,788,"MO"
30.11,788,"MI"
27.91,787,"TX"
34.67,787,"MO"
24.41,787,"MI"
34.81,786,"TX"
7.61,786,"MO"
22.61,786,"MI"
29.81,785,"TX"
34.89,785,"MO"
24.61,785,"MI"
31.51,784,"TX"
29.06,784,"MO"
21.31,784,"MI"
21.91,783,"TX"
34.67,783,"MO"
24.41,783,"MI"
25.21,782,"TX"
34.89,782,"MO"
25.31,782,"MI"
25.91,781,"TX"
34.89,781,"MO"
22.81,781,"MI"
24.31,780,"TX"
34.67,780,"MO"
24.11,780,"MI"
24.91,779,"TX"
7.61,779,"MO"
28.31,779,"MI"
24.01,778,"TX"
34.12,778,"MO"
27.51,778,"MI"
34.81,777,"TX"
29.72,777,"MO"
25.01,777,"MI"
34.61,776,"TX"
7.72,776,"MO"
22.31,776,"MI"
34.81,775,"TX"
26.42,775,"MO"
23.51,775,"MI"
26.31,774,"TX"
34.67,774,"MO"
27.41,774,"MI"
34.81,773,"TX"
34.89,773,"MO"
27.11,773,"MI"
34.81,772,"TX"
34.67,772,"MO"
23.51,772,"MI"
34.81,771,"TX"
30.71,771,"MO"
24.71,771,"MI"
24.61,770,"TX"
34.67,770,"MO"
26.81,770,"MI"
25.01,769,"TX"
34.67,769,"MO"
26.41,769,"MI"
25.51,768,"TX"
34.78,768,"MO"
32.81,768,"MI"
22.91,767,"TX"
34.89,767,"MO"
26.61,767,"MI"
34.81,766,"TX"
34.67,766,"MO"
33.61,766,"MI"
30.11,765,"TX"
34.78,765,"MO"
21.61,765,"MI"
22.31,764,"TX"
34.67,764,"MO"
24.71,764,"MI"
34.61,763,"TX"
34.89,763,"MO"
28.31,763,"MI"
28.11,762,"TX"
34.78,762,"MO"
24.91,762,"MI"
24.11,761,"TX"
34.89,761,"MO"
25.61,761,"MI"
25.71,760,"TX"
7.61,760,"MO"
25.61,760,"MI"
34.81,759,"TX"
24.77,759,"MO"
30.61,759,"MI"
28.81,758,"TX"
24.55,758,"MO"
24.61,758,"MI"
20.41,757,"TX"
34.78,757,"MO"
23.81,757,"MI"
34.81,756,"TX"
34.89,756,"MO"
22.61,756,"MI"
34.81,755,"TX"
26.53,755,"MO"
22.61,755,"MI"
22.81,754,"TX"
30.71,754,"MO"
25.11,754,"MI"
27.91,753,"TX"
7.61,753,"MO"
32.81,753,"MI"
7.61,752,"TX"
34.23,752,"MO"
24.31,752,"MI"
27.91,751,"TX"
24.11,751,"MO"
26.41,751,"MI"
34.81,750,"TX"
21.8,750,"MO"
34.81,750,"MI"
23.11,749,"TX"
27.85,749,"MO"
23.51,749,"MI"
27.01,748,"TX"
27.74,748,"MO"
23.81,748,"MI"
34.81,747,"TX"
26.75,747,"MO"
23.81,747,"MI"
25.21,746,"TX"
7.61,746,"MO"
25.31,746,"MI"
34.81,745,"TX"
34.89,745,"MO"
28.41,745,"MI"
30.61,744,"TX"
34.78,744,"MO"
27.41,744,"MI"
34.81,743,"TX"
7.61,743,"MO"
29.61,743,"MI"
23.91,742,"TX"
34.89,742,"MO"
23.41,742,"MI"
23.21,741,"TX"
34.89,741,"MO"
22.31,741,"MI"
34.81,740,"TX"
29.06,740,"MO"
22.91,740,"MI"
21.91,739,"TX"
33.68,739,"MO"
24.71,739,"MI"
34.61,738,"TX"
7.61,738,"MO"
24.41,738,"MI"
25.81,737,"TX"
7.61,737,"MO"
27.91,737,"MI"
24.11,736,"TX"
34.78,736,"MO"
27.11,736,"MI"
25.21,735,"TX"
34.67,735,"MO"
24.11,735,"MI"
31.21,734,"TX"
34.89,734,"MO"
22.91,734,"MI"
34.81,733,"TX"
34.67,733,"MO"
23.71,733,"MI"
24.91,732,"TX"
34.67,732,"MO"
34.61,732,"MI"
28.51,731,"TX"
34.67,731,"MO"
24.01,731,"MI"
25.01,730,"TX"
34.01,730,"MO"
24.11,730,"MI"
29.51,729,"TX"
34.67,729,"MO"
26.21,729,"MI"
34.81,728,"TX"
34.67,728,"MO"
27.11,728,"MI"
34.81,727,"TX"
34.89,727,"MO"
23.81,727,"MI"
25.81,726,"TX"
34.67,726,"MO"
24.11,726,"MI"
34.81,725,"TX"
29.39,725,"MO"
21.71,725,"MI"
28.01,724,"TX"
34.78,724,"MO"
34.61,724,"MI"
27.91,723,"TX"
7.61,723,"MO"
25.21,723,"MI"
24.61,722,"TX"
34.67,722,"MO"
28.61,722,"MI"
25.31,721,"TX"
33.46,721,"MO"
32.91,721,"MI"
34.81,720,"TX"
7.72,720,"MO"
25.61,720,"MI"
34.81,719,"TX"
7.61,719,"MO"
26.21,719,"MI"
25.01,718,"TX"
34.78,718,"MO"
31.01,718,"MI"
34.61,717,"TX"
7.72,717,"MO"
34.31,717,"MI"
34.61,716,"TX"
7.72,716,"MO"
24.41,716,"MI"
25.71,715,"TX"
7.61,715,"MO"
30.61,715,"MI"
27.61,714,"TX"
34.67,714,"MO"
22.31,714,"MI"
24.41,713,"TX"
32.69,713,"MO"
26.91,713,"MI"
34.61,712,"TX"
33.9,712,"MO"
24.91,712,"MI"
18.61,711,"TX"
32.8,711,"MO"
24.91,711,"MI"
34.81,710,"TX"
23.12,710,"MO"
31.81,710,"MI"
28.51,709,"TX"
7.72,709,"MO"
29.71,709,"MI"
27.31,708,"TX"
25.43,708,"MO"
28.81,708,"MI"
31.21,707,"TX"
9.26,707,"MO"
23.41,707,"MI"
34.31,706,"TX"
34.01,706,"MO"
25.01,706,"MI"
34.81,705,"TX"
34.78,705,"MO"
34.81,705,"MI"
34.81,704,"TX"
21.14,704,"MO"
23.41,704,"MI"
34.81,703,"TX"
28.07,703,"MO"
23.81,703,"MI"
26.71,702,"TX"
34.67,702,"MO"
21.11,702,"MI"
25.01,701,"TX"
34.78,701,"MO"
27.31,701,"MI"
22.01,700,"TX"
34.67,700,"MO"
26.21,700,"MI"
34.61,699,"TX"
34.67,699,"MO"
25.01,699,"MI"
23.81,698,"TX"
33.35,698,"MO"
23.21,698,"MI"
30.11,697,"TX"
34.89,697,"MO"
34.81,697,"MI"
34.81,696,"TX"
34.78,696,"MO"
25.91,696,"MI"
34.81,695,"TX"
7.72,695,"MO"
24.71,695,"MI"
27.01,694,"TX"
34.78,694,"MO"
22.81,694,"MI"
26.71,693,"TX"
7.72,693,"MO"
22.21,693,"MI"
30.91,692,"TX"
7.61,692,"MO"
27.31,692,"MI"
23.81,691,"TX"
34.67,691,"MO"
27.41,691,"MI"
34.81,690,"TX"
29.72,690,"MO"
22.31,690,"MI"
34.81,689,"TX"
34.01,689,"MO"
23.51,689,"MI"
34.81,688,"TX"
34.78,688,"MO"
22.21,688,"MI"
25.61,687,"TX"
7.61,687,"MO"
34.61,687,"MI"
34.81,686,"TX"
29.5,686,"MO"
22.41,686,"MI"
19.21,685,"TX"
34.78,685,"MO"
27.41,685,"MI"
34.81,684,"TX"
34.89,684,"MO"
24.61,684,"MI"
32.41,683,"TX"
27.85,683,"MO"
26.81,683,"MI"
30.71,682,"TX"
34.67,682,"MO"
23.51,682,"MI"
34.81,681,"TX"
34.67,681,"MO"
32.71,681,"MI"
34.61,680,"TX"
34.34,680,"MO"
24.81,680,"MI"
34.81,679,"TX"
25.21,679,"MO"
23.81,679,"MI"
34.81,678,"TX"
26.2,678,"MO"
22.01,678,"MI"
34.81,677,"TX"
26.09,677,"MO"
27.71,677,"MI"
23.21,676,"TX"
34.67,676,"MO"
28.11,676,"MI"
34.81,675,"TX"
28.4,675,"MO"
28.01,675,"MI"
24.91,674,"TX"
34.89,674,"MO"
23.71,674,"MI"
24.11,673,"TX"
34.78,673,"MO"
23.81,673,"MI"
27.91,672,"TX"
7.61,672,"MO"
25.61,672,"MI"
34.81,671,"TX"
34.78,671,"MO"
22.91,671,"MI"
34.81,670,"TX"
7.61,670,"MO"
25.31,670,"MI"
34.61,669,"TX"
7.61,669,"MO"
25.31,669,"MI"
28.21,668,"TX"
34.89,668,"MO"
24.81,668,"MI"
34.61,667,"TX"
25.43,667,"MO"
27.11,667,"MI"
34.81,666,"TX"
34.67,666,"MO"
26.21,666,"MI"
29.71,665,"TX"
7.61,665,"MO"
34.81,665,"MI"
26.71,664,"TX"
34.67,664,"MO"
28.31,664,"MI"
28.21,663,"TX"
7.61,663,"MO"
25.21,663,"MI"
22.51,662,"TX"
34.67,662,"MO"
25.31,662,"MI"
7.61,661,"TX"
34.67,661,"MO"
34.61,661,"MI"
34.81,660,"TX"
34.78,660,"MO"
32.71,660,"MI"
34.81,659,"TX"
7.72,659,"MO"
23.21,659,"MI"
25.61,658,"TX"
34.67,658,"MO"
26.51,658,"MI"
34.61,657,"TX"
34.67,657,"MO"
24.71,657,"MI"
34.81,656,"TX"
34.78,656,"MO"
26.11,656,"MI"
34.81,655,"TX"
34.78,655,"MO"
34.61,655,"MI"
34.61,654,"TX"
7.72,654,"MO"
25.01,654,"MI"
23.81,653,"TX"
27.74,653,"MO"
24.71,653,"MI"
22.91,652,"TX"
34.67,652,"MO"
32.51,652,"MI"
16.21,651,"TX"
34.67,651,"MO"
23.51,651,"MI"
24.31,650,"TX"
7.61,650,"MO"
25.51,650,"MI"
34.81,649,"TX"
20.26,649,"MO"
32.41,649,"MI"
34.81,648,"TX"
34.67,648,"MO"
25.31,648,"MI"
23.51,647,"TX"
31.04,647,"MO"
24.71,647,"MI"
27.61,646,"TX"
27.41,646,"MO"
25.31,646,"MI"
34.81,645,"TX"
7.61,645,"MO"
28.31,645,"MI"
23.11,644,"TX"
7.61,644,"MO"
25.31,644,"MI"
34.81,643,"TX"
7.61,643,"MO"
34.81,643,"MI"
25.31,642,"TX"
34.78,642,"MO"
34.71,642,"MI"
34.81,641,"TX"
15.97,641,"MO"
24.31,641,"MI"
25.11,640,"TX"
23.23,640,"MO"
26.21,640,"MI"
26.11,639,"TX"
34.89,639,"MO"
24.61,639,"MI"
24.71,638,"TX"
34.89,638,"MO"
34.81,638,"MI"
34.81,637,"TX"
23.56,637,"MO"
22.91,637,"MI"
34.61,636,"TX"
18.5,636,"MO"
28.81,636,"MI"
29.81,635,"TX"
34.78,635,"MO"
23.11,635,"MI"
26.81,634,"TX"
7.72,634,"MO"
33.71,634,"MI"
32.41,633,"TX"
30.71,633,"MO"
27.01,633,"MI"
34.81,632,"TX"
34.67,632,"MO"
29.21,632,"MI"
34.61,631,"TX"
34.01,631,"MO"
26.51,631,"MI"
24.11,630,"TX"
7.72,630,"MO"
23.81,630,"MI"
33.41,629,"TX"
34.67,629,"MO"
23.21,629,"MI"
22.31,628,"TX"
7.61,628,"MO"
26.61,628,"MI"
34.51,627,"TX"
34.67,627,"MO"
24.71,627,"MI"
33.61,626,"TX"
32.91,626,"MO"
34.61,626,"MI"
34.81,625,"TX"
31.37,625,"MO"
24.71,625,"MI"
26.91,624,"TX"
7.72,624,"MO"
24.11,624,"MI"
34.61,623,"TX"
7.72,623,"MO"
29.81,623,"MI"
27.61,622,"TX"
30.38,622,"MO"
23.21,622,"MI"
34.81,621,"TX"
30.49,621,"MO"
28.51,621,"MI"
34.81,620,"TX"
34.67,620,"MO"
21.81,620,"MI"
23.81,619,"TX"
34.67,619,"MO"
23.51,619,"MI"
34.81,618,"TX"
7.61,618,"MO"
32.41,618,"MI"
29.11,617,"TX"
34.78,617,"MO"
24.41,617,"MI"
27.31,616,"TX"
25.76,616,"MO"
27.01,616,"MI"
34.81,615,"TX"
34.78,615,"MO"
29.51,615,"MI"
32.71,614,"TX"
26.75,614,"MO"
34.61,614,"MI"
34.61,613,"TX"
32.03,613,"MO"
23.41,613,"MI"
22.81,612,"TX"
7.61,612,"MO"
24.41,612,"MI"
24.51,611,"TX"
34.89,611,"MO"
24.21,611,"MI"
34.81,610,"TX"
34.78,610,"MO"
34.81,610,"MI"
34.71,609,"TX"
34.67,609,"MO"
25.01,609,"MI"
30.31,608,"TX"
34.67,608,"MO"
26.21,608,"MI"
34.81,607,"TX"
26.09,607,"MO"
23.21,607,"MI"
22.91,606,"TX"
34.45,606,"MO"
27.41,606,"MI"
23.81,605,"TX"
34.89,605,"MO"
23.11,605,"MI"
23.61,604,"TX"
30.16,604,"MO"
33.31,604,"MI"
34.81,603,"TX"
7.61,603,"MO"
22.71,603,"MI"
23.41,602,"TX"
34.67,602,"MO"
29.21,602,"MI"
25.51,601,"TX"
34.67,601,"MO"
28.01,601,"MI"
34.81,600,"TX"
7.61,600,"MO"
21.61,600,"MI"
34.61,599,"TX"
34.78,599,"MO"
23.11,599,"MI"
27.91,598,"TX"
7.61,598,"MO"
34.81,598,"MI"
22.41,597,"TX"
25.98,597,"MO"
29.81,597,"MI"
26.11,596,"TX"
34.67,596,"MO"
26.81,596,"MI"
23.51,595,"TX"
34.89,595,"MO"
29.81,595,"MI"
22.21,594,"TX"
34.89,594,"MO"
34.81,594,"MI"
23.91,593,"TX"
34.89,593,"MO"
25.61,593,"MI"
24.31,592,"TX"
7.61,592,"MO"
26.21,592,"MI"
27.21,591,"TX"
28.4,591,"MO"
25.51,591,"MI"
34.81,590,"TX"
34.67,590,"MO"
23.51,590,"MI"
34.81,589,"TX"
25.32,589,"MO"
25.91,589,"MI"
34.61,588,"TX"
7.61,588,"MO"
24.41,588,"MI"
34.61,587,"TX"
7.61,587,"MO"
24.01,587,"MI"
22.21,586,"TX"
34.78,586,"MO"
34.61,586,"MI"
25.81,585,"TX"
29.06,585,"MO"
25.01,585,"MI"
34.61,584,"TX"
26.2,584,"MO"
28.91,584,"MI"
27.91,583,"TX"
34.78,583,"MO"
22.81,583,"MI"
24.21,582,"TX"
28.4,582,"MO"
23.41,582,"MI"
34.61,581,"TX"
28.4,581,"MO"
27.71,581,"MI"
34.81,580,"TX"
34.89,580,"MO"
25.81,580,"MI"
34.81,579,"TX"
24.33,579,"MO"
24.61,579,"MI"
34.61,578,"TX"
34.67,578,"MO"
24.71,578,"MI"
32.21,577,"TX"
34.67,577,"MO"
23.21,577,"MI"
24.71,576,"TX"
34.67,576,"MO"
29.51,576,"MI"
24.51,575,"TX"
34.89,575,"MO"
22.51,575,"MI"
25.51,574,"TX"
7.61,574,"MO"
24.41,574,"MI"
34.81,573,"TX"
34.89,573,"MO"
22.91,573,"MI"
7.81,572,"TX"
24.55,572,"MO"
24.71,572,"MI"
34.81,571,"TX"
28.4,571,"MO"
22.91,571,"MI"
25.81,570,"TX"
34.67,570,"MO"
23.71,570,"MI"
30.11,569,"TX"
34.67,569,"MO"
21.71,569,"MI"
7.61,568,"TX"
23.01,568,"MO"
24.61,568,"MI"
21.31,567,"TX"
34.67,567,"MO"
24.71,567,"MI"
34.81,566,"TX"
26.42,566,"MO"
24.31,566,"MI"
24.61,565,"TX"
32.69,565,"MO"
26.51,565,"MI"
29.61,564,"TX"
34.89,564,"MO"
24.91,564,"MI"
34.81,563,"TX"
34.67,563,"MO"
26.51,563,"MI"
34.81,562,"TX"
13.55,562,"MO"
27.41,562,"MI"
34.81,561,"TX"
31.48,561,"MO"
22.31,561,"MI"
24.11,560,"TX"
34.67,560,"MO"
22.21,560,"MI"
20.21,559,"TX"
34.67,559,"MO"
28.91,559,"MI"
24.21,558,"TX"
34.78,558,"MO"
23.51,558,"MI"
31.31,557,"TX"
34.67,557,"MO"
25.31,557,"MI"
27.01,556,"TX"
7.61,556,"MO"
23.71,556,"MI"
27.61,555,"TX"
29.06,555,"MO"
24.31,555,"MI"
34.81,554,"TX"
7.61,554,"MO"
31.61,554,"MI"
34.81,553,"TX"
25.1,553,"MO"
24.41,553,"MI"
25.51,552,"TX"
34.78,552,"MO"
24.91,552,"MI"
19.31,551,"TX"
34.89,551,"MO"
24.71,551,"MI"
34.61,550,"TX"
34.78,550,"MO"
25.91,550,"MI"
34.81,549,"TX"
34.67,549,"MO"
26.71,549,"MI"
34.61,548,"TX"
7.61,548,"MO"
25.91,548,"MI"
25.91,547,"TX"
29.72,547,"MO"
29.21,547,"MI"
23.51,546,"TX"
34.89,546,"MO"
24.41,546,"MI"
34.81,545,"TX"
34.89,545,"MO"
34.61,545,"MI"
34.81,544,"TX"
34.67,544,"MO"
25.31,544,"MI"
34.61,543,"TX"
7.61,543,"MO"
30.71,543,"MI"
31.31,542,"TX"
28.4,542,"MO"
25.21,542,"MI"
21.41,541,"TX"
7.61,541,"MO"
26.11,541,"MI"
34.61,540,"TX"
7.61,540,"MO"
34.31,540,"MI"
26.11,539,"TX"
34.67,539,"MO"
25.81,539,"MI"
34.81,538,"TX"
18.94,538,"MO"
34.81,538,"MI"
22.31,537,"TX"
34.89,537,"MO"
34.61,537,"MI"
29.41,536,"TX"
34.34,536,"MO"
28.51,536,"MI"
26.41,535,"TX"
34.89,535,"MO"
22.31,535,"MI"
34.61,534,"TX"
34.67,534,"MO"
27.41,534,"MI"
34.81,533,"TX"
34.67,533,"MO"
30.91,533,"MI"
21.71,532,"TX"
32.47,532,"MO"
32.81,532,"MI"
34.81,531,"TX"
26.86,531,"MO"
24.11,531,"MI"
34.81,530,"TX"
34.67,530,"MO"
23.51,530,"MI"
27.71,529,"TX"
34.78,529,"MO"
34.31,529,"MI"
28.51,528,"TX"
26.09,528,"MO"
23.21,528,"MI"
34.81,527,"TX"
32.03,527,"MO"
25.31,527,"MI"
24.61,526,"TX"
34.67,526,"MO"
28.01,526,"MI"
34.81,525,"TX"
18.83,525,"MO"
34.61,525,"MI"
24.71,524,"TX"
34.67,524,"MO"
23.71,524,"MI"
34.61,523,"TX"
34.78,523,"MO"
25.31,523,"MI"
34.61,522,"TX"
34.67,522,"MO"
23.21,522,"MI"
34.81,521,"TX"
26.97,521,"MO"
32.01,521,"MI"
24.61,520,"TX"
7.61,520,"MO"
25.01,520,"MI"
34.61,519,"TX"
34.89,519,"MO"
24.41,519,"MI"
23.31,518,"TX"
34.89,518,"MO"
25.31,518,"MI"
34.81,517,"TX"
34.78,517,"MO"
26.11,517,"MI"
34.81,516,"TX"
26.53,516,"MO"
24.11,516,"MI"
34.81,515,"TX"
13,515,"MO"
28.31,515,"MI"
23.61,514,"TX"
34.89,514,"MO"
28.51,514,"MI"
28.21,513,"TX"
34.67,513,"MO"
34.81,513,"MI"
33.01,512,"TX"
7.61,512,"MO"
26.51,512,"MI"
23.81,511,"TX"
34.78,511,"MO"
27.31,511,"MI"
34.81,510,"TX"
34.78,510,"MO"
27.71,510,"MI"
24.61,509,"TX"
34.12,509,"MO"
24.01,509,"MI"
24.11,508,"TX"
34.78,508,"MO"
27.31,508,"MI"
34.81,507,"TX"
34.89,507,"MO"
21.01,507,"MI"
34.61,506,"TX"
34.78,506,"MO"
23.81,506,"MI"
23.51,505,"TX"
34.78,505,"MO"
24.11,505,"MI"
33.31,504,"TX"
28.4,504,"MO"
24.41,504,"MI"
31.61,503,"TX"
7.61,503,"MO"
30.01,503,"MI"
34.81,502,"TX"
34.89,502,"MO"
22.41,502,"MI"
27.61,501,"TX"
23.12,501,"MO"
29.41,501,"MI"
7.81,500,"TX"
34.67,500,"MO"
26.41,500,"MI"
27.61,499,"TX"
34.67,499,"MO"
26.81,499,"MI"
26.61,498,"TX"
30.6,498,"MO"
22.11,498,"MI"
16.91,497,"TX"
34.78,497,"MO"
26.51,497,"MI"
21.11,496,"TX"
34.78,496,"MO"
28.51,496,"MI"
7.81,495,"TX"
34.67,495,"MO"
24.91,495,"MI"
34.61,494,"TX"
7.72,494,"MO"
28.61,494,"MI"
34.81,493,"TX"
26.75,493,"MO"
28.01,493,"MI"
34.81,492,"TX"
7.61,492,"MO"
26.41,492,"MI"
23.81,491,"TX"
34.89,491,"MO"
29.31,491,"MI"
22.91,490,"TX"
7.61,490,"MO"
24.11,490,"MI"
34.81,489,"TX"
34.67,489,"MO"
23.71,489,"MI"
34.61,488,"TX"
25.43,488,"MO"
22.91,488,"MI"
24.91,487,"TX"
7.61,487,"MO"
25.11,487,"MI"
22.71,486,"TX"
34.89,486,"MO"
34.81,486,"MI"
34.81,485,"TX"
7.72,485,"MO"
24.41,485,"MI"
34.81,484,"TX"
7.61,484,"MO"
31.51,484,"MI"
24.41,483,"TX"
34.67,483,"MO"
29.81,483,"MI"
34.81,482,"TX"
34.67,482,"MO"
23.51,482,"MI"
28.21,481,"TX"
7.61,481,"MO"
30.01,481,"MI"
24.01,480,"TX"
34.67,480,"MO"
25.21,480,"MI"
34.81,479,"TX"
34.67,479,"MO"
25.01,479,"MI"
24.11,478,"TX"
34.78,478,"MO"
23.51,478,"MI"
34.81,477,"TX"
34.67,477,"MO"
24.61,477,"MI"
34.81,476,"TX"
30.71,476,"MO"
25.61,476,"MI"
34.81,475,"TX"
7.61,475,"MO"
24.71,475,"MI"
34.81,474,"TX"
28.4,474,"MO"
23.21,474,"MI"
26.01,473,"TX"
34.67,473,"MO"
24.71,473,"MI"
34.81,472,"TX"
26.42,472,"MO"
23.41,472,"MI"
30.61,471,"TX"
34.67,471,"MO"
22.31,471,"MI"
34.81,470,"TX"
34.34,470,"MO"
23.51,470,"MI"
24.21,469,"TX"
7.61,469,"MO"
27.41,469,"MI"
34.81,468,"TX"
7.72,468,"MO"
31.01,468,"MI"
22.31,467,"TX"
30.05,467,"MO"
22.31,467,"MI"
18.41,466,"TX"
34.78,466,"MO"
25.51,466,"MI"
34.81,465,"TX"
30.38,465,"MO"
27.61,465,"MI"
26.81,464,"TX"
34.67,464,"MO"
32.41,464,"MI"
34.61,463,"TX"
25.1,463,"MO"
22.91,463,"MI"
34.61,462,"TX"
30.05,462,"MO"
22.01,462,"MI"
34.81,461,"TX"
34.89,461,"MO"
23.41,461,"MI"
31.21,460,"TX"
34.67,460,"MO"
27.71,460,"MI"
34.81,459,"TX"
25.1,459,"MO"
28.91,459,"MI"
23.11,458,"TX"
34.67,458,"MO"
27.11,458,"MI"
34.81,457,"TX"
34.78,457,"MO"
27.71,457,"MI"
34.61,456,"TX"
34.67,456,"MO"
32.21,456,"MI"
34.81,455,"TX"
34.67,455,"MO"
29.71,455,"MI"
30.61,454,"TX"
29.06,454,"MO"
28.51,454,"MI"
28.81,453,"TX"
34.67,453,"MO"
21.41,453,"MI"
23.81,452,"TX"
34.67,452,"MO"
29.81,452,"MI"
34.61,451,"TX"
34.89,451,"MO"
32.41,451,"MI"
32.81,450,"TX"
34.67,450,"MO"
25.01,450,"MI"
29.11,449,"TX"
34.67,449,"MO"
32.51,449,"MI"
34.81,448,"TX"
27.52,448,"MO"
25.91,448,"MI"
16.31,447,"TX"
34.78,447,"MO"
29.11,447,"MI"
28.51,446,"TX"
32.14,446,"MO"
26.81,446,"MI"
25.51,445,"TX"
34.67,445,"MO"
26.21,445,"MI"
34.81,444,"TX"
15.64,444,"MO"
24.91,444,"MI"
34.61,443,"TX"
30.71,443,"MO"
25.51,443,"MI"
34.81,442,"TX"
24.88,442,"MO"
28.61,442,"MI"
25.41,441,"TX"
34.89,441,"MO"
28.01,441,"MI"
22.31,440,"TX"
31.37,440,"MO"
25.21,440,"MI"
23.71,439,"TX"
34.67,439,"MO"
23.51,439,"MI"
34.81,438,"TX"
27.41,438,"MO"
25.91,438,"MI"
34.81,437,"TX"
34.89,437,"MO"
24.31,437,"MI"
24.91,436,"TX"
34.78,436,"MO"
25.31,436,"MI"
34.81,435,"TX"
16.85,435,"MO"
28.51,435,"MI"
30.61,434,"TX"
34.67,434,"MO"
27.41,434,"MI"
27.61,433,"TX"
15.53,433,"MO"
34.61,433,"MI"
24.91,432,"TX"
7.61,432,"MO"
26.21,432,"MI"
34.61,431,"TX"
12.56,431,"MO"
24.71,431,"MI"
34.81,430,"TX"
34.67,430,"MO"
28.91,430,"MI"
23.71,429,"TX"
34.67,429,"MO"
24.71,429,"MI"
34.81,428,"TX"
34.89,428,"MO"
22.81,428,"MI"
34.81,427,"TX"
28.07,427,"MO"
29.61,427,"MI"
23.81,426,"TX"
27.41,426,"MO"
25.41,426,"MI"
26.41,425,"TX"
34.67,425,"MO"
30.91,425,"MI"
34.81,424,"TX"
34.67,424,"MO"
28.61,424,"MI"
34.81,423,"TX"
20.81,423,"MO"
25.61,423,"MI"
34.81,422,"TX"
23.78,422,"MO"
25.01,422,"MI"
34.81,421,"TX"
18.06,421,"MO"
24.41,421,"MI"
26.41,420,"TX"
29.72,420,"MO"
25.01,420,"MI"
34.81,419,"TX"
7.61,419,"MO"
28.91,419,"MI"
20.11,418,"TX"
34.78,418,"MO"
27.71,418,"MI"
27.61,417,"TX"
32.03,417,"MO"
30.11,417,"MI"
34.81,416,"TX"
34.67,416,"MO"
27.11,416,"MI"
34.81,415,"TX"
7.61,415,"MO"
26.51,415,"MI"
34.81,414,"TX"
34.89,414,"MO"
24.61,414,"MI"
34.81,413,"TX"
27.74,413,"MO"
27.71,413,"MI"
34.81,412,"TX"
34.67,412,"MO"
24.11,412,"MI"
34.81,411,"TX"
34.78,411,"MO"
28.01,411,"MI"
30.61,410,"TX"
25.43,410,"MO"
22.91,410,"MI"
34.81,409,"TX"
34.67,409,"MO"
34.31,409,"MI"
34.81,408,"TX"
23.78,408,"MO"
34.61,408,"MI"
31.61,407,"TX"
34.67,407,"MO"
22.31,407,"MI"
25.61,406,"TX"
34.78,406,"MO"
23.51,406,"MI"
34.61,405,"TX"
34.67,405,"MO"
23.51,405,"MI"
26.11,404,"TX"
7.61,404,"MO"
27.81,404,"MI"
34.81,403,"TX"
25.54,403,"MO"
28.51,403,"MI"
25.51,402,"TX"
34.67,402,"MO"
24.31,402,"MI"
22.81,401,"TX"
34.67,401,"MO"
34.61,401,"MI"
23.51,400,"TX"
34.78,400,"MO"
25.61,400,"MI"
34.81,399,"TX"
34.67,399,"MO"
27.91,399,"MI"
34.61,398,"TX"
7.61,398,"MO"
25.81,398,"MI"
24.51,397,"TX"
29.39,397,"MO"
30.11,397,"MI"
23.81,396,"TX"
7.72,396,"MO"
23.51,396,"MI"
34.01,395,"TX"
34.67,395,"MO"
28.61,395,"MI"
26.81,394,"TX"
34.89,394,"MO"
23.21,394,"MI"
22.71,393,"TX"
34.89,393,"MO"
24.41,393,"MI"
34.81,392,"TX"
28.18,392,"MO"
24.71,392,"MI"
31.61,391,"TX"
34.67,391,"MO"
25.51,391,"MI"
34.81,390,"TX"
34.67,390,"MO"
24.41,390,"MI"
30.31,389,"TX"
34.78,389,"MO"
20.81,389,"MI"
23.71,388,"TX"
34.67,388,"MO"
25.91,388,"MI"
34.81,387,"TX"
34.78,387,"MO"
29.21,387,"MI"
27.01,386,"TX"
34.67,386,"MO"
24.11,386,"MI"
18.31,385,"TX"
30.93,385,"MO"
23.41,385,"MI"
34.61,384,"TX"
34.67,384,"MO"
24.41,384,"MI"
28.81,383,"TX"
34.67,383,"MO"
25.61,383,"MI"
24.91,382,"TX"
30.16,382,"MO"
34.31,382,"MI"
34.81,381,"TX"
26.42,381,"MO"
34.61,381,"MI"
34.81,380,"TX"
31.48,380,"MO"
24.41,380,"MI"
23.21,379,"TX"
34.67,379,"MO"
24.11,379,"MI"
22.81,378,"TX"
34.89,378,"MO"
22.61,378,"MI"
34.81,377,"TX"
23.56,377,"MO"
27.71,377,"MI"
34.81,376,"TX"
7.61,376,"MO"
27.41,376,"MI"
29.11,375,"TX"
34.67,375,"MO"
29.51,375,"MI"
34.81,374,"TX"
7.61,374,"MO"
23.11,374,"MI"
32.11,373,"TX"
26.42,373,"MO"
25.51,373,"MI"
34.81,372,"TX"
30.05,372,"MO"
24.71,372,"MI"
34.81,371,"TX"
29.28,371,"MO"
24.71,371,"MI"
17.11,370,"TX"
34.67,370,"MO"
24.91,370,"MI"
29.81,369,"TX"
23.34,369,"MO"
25.41,369,"MI"
34.81,368,"TX"
28.73,368,"MO"
24.71,368,"MI"
30.31,367,"TX"
23.45,367,"MO"
23.71,367,"MI"
34.81,366,"TX"
34.67,366,"MO"
26.31,366,"MI"
34.81,365,"TX"
27.08,365,"MO"
24.11,365,"MI"
22.61,364,"TX"
34.89,364,"MO"
34.81,364,"MI"
34.61,363,"TX"
34.67,363,"MO"
31.91,363,"MI"
34.81,362,"TX"
25.76,362,"MO"
23.21,362,"MI"
7.81,361,"TX"
34.67,361,"MO"
23.21,361,"MI"
22.21,360,"TX"
7.61,360,"MO"
24.51,360,"MI"
34.81,359,"TX"
33.68,359,"MO"
28.91,359,"MI"
34.81,358,"TX"
25.43,358,"MO"
25.41,358,"MI"
24.51,357,"TX"
34.67,357,"MO"
34.81,357,"MI"
32.71,356,"TX"
7.61,356,"MO"
25.61,356,"MI"
34.61,355,"TX"
34.67,355,"MO"
21.41,355,"MI"
31.81,354,"TX"
7.61,354,"MO"
23.81,354,"MI"
34.81,353,"TX"
34.67,353,"MO"
34.71,353,"MI"
27.61,352,"TX"
7.61,352,"MO"
26.71,352,"MI"
34.81,351,"TX"
11.46,351,"MO"
34.81,351,"MI"
27.81,350,"TX"
34.67,350,"MO"
34.61,350,"MI"
24.71,349,"TX"
34.67,349,"MO"
26.21,349,"MI"
34.81,348,"TX"
34.89,348,"MO"
24.41,348,"MI"
34.81,347,"TX"
34.78,347,"MO"
20.51,347,"MI"
34.61,346,"TX"
34.67,346,"MO"
25.01,346,"MI"
34.81,345,"TX"
31.37,345,"MO"
23.81,345,"MI"
34.81,344,"TX"
34.67,344,"MO"
28.01,344,"MI"
34.61,343,"TX"
34.67,343,"MO"
25.31,343,"MI"
34.81,342,"TX"
29.72,342,"MO"
25.61,342,"MI"
34.81,341,"TX"
29.72,341,"MO"
22.91,341,"MI"
7.81,340,"TX"
34.67,340,"MO"
34.01,340,"MI"
34.81,339,"TX"
27.19,339,"MO"
34.81,339,"MI"
25.01,338,"TX"
34.89,338,"MO"
23.51,338,"MI"
34.81,337,"TX"
34.89,337,"MO"
24.01,337,"MI"
26.01,336,"TX"
34.89,336,"MO"
31.01,336,"MI"
25.01,335,"TX"
34.67,335,"MO"
24.41,335,"MI"
34.81,334,"TX"
34.89,334,"MO"
34.81,334,"MI"
34.81,333,"TX"
22.24,333,"MO"
27.41,333,"MI"
34.81,332,"TX"
24.99,332,"MO"
33.21,332,"MI"
34.61,331,"TX"
26.42,331,"MO"
26.41,331,"MI"
23.01,330,"TX"
34.01,330,"MO"
25.51,330,"MI"
7.81,329,"TX"
7.61,329,"MO"
26.51,329,"MI"
22.31,328,"TX"
25.87,328,"MO"
30.41,328,"MI"
34.81,327,"TX"
7.61,327,"MO"
24.01,327,"MI"
34.81,326,"TX"
7.61,326,"MO"
25.21,326,"MI"
34.61,325,"TX"
34.67,325,"MO"
34.61,325,"MI"
34.61,324,"TX"
34.78,324,"MO"
27.31,324,"MI"
34.81,323,"TX"
25.43,323,"MO"
29.41,323,"MI"
24.41,322,"TX"
34.67,322,"MO"
34.61,322,"MI"
23.11,321,"TX"
34.67,321,"MO"
23.21,321,"MI"
34.81,320,"TX"
7.61,320,"MO"
32.81,320,"MI"
34.61,319,"TX"
34.89,319,"MO"
25.01,319,"MI"
34.81,318,"TX"
22.46,318,"MO"
22.91,318,"MI"
22.31,317,"TX"
33.79,317,"MO"
24.31,317,"MI"
34.81,316,"TX"
34.89,316,"MO"
26.21,316,"MI"
26.11,315,"TX"
34.67,315,"MO"
24.41,315,"MI"
33.31,314,"TX"
27.85,314,"MO"
23.81,314,"MI"
29.71,313,"TX"
34.67,313,"MO"
24.71,313,"MI"
34.81,312,"TX"
7.61,312,"MO"
33.81,312,"MI"
7.81,311,"TX"
34.78,311,"MO"
25.01,311,"MI"
34.81,310,"TX"
7.61,310,"MO"
22.81,310,"MI"
31.61,309,"TX"
7.61,309,"MO"
28.01,309,"MI"
33.81,308,"TX"
34.89,308,"MO"
24.61,308,"MI"
26.11,307,"TX"
24.11,307,"MO"
23.51,307,"MI"
30.61,306,"TX"
34.67,306,"MO"
23.21,306,"MI"
34.81,305,"TX"
29.06,305,"MO"
25.71,305,"MI"
34.81,304,"TX"
29.06,304,"MO"
23.81,304,"MI"
21.71,303,"TX"
34.89,303,"MO"
23.21,303,"MI"
28.91,302,"TX"
34.67,302,"MO"
22.91,302,"MI"
34.81,301,"TX"
25.21,301,"MO"
25.81,301,"MI"
26.71,300,"TX"
34.67,300,"MO"
25.91,300,"MI"
29.21,299,"TX"
26.2,299,"MO"
31.81,299,"MI"
30.91,298,"TX"
25.87,298,"MO"
26.51,298,"MI"
34.81,297,"TX"
7.72,297,"MO"
24.71,297,"MI"
23.51,296,"TX"
34.89,296,"MO"
28.11,296,"MI"
34.61,295,"TX"
7.61,295,"MO"
22.61,295,"MI"
23.71,294,"TX"
7.61,294,"MO"
24.91,294,"MI"
34.81,293,"TX"
34.67,293,"MO"
26.21,293,"MI"
34.81,292,"TX"
34.89,292,"MO"
28.61,292,"MI"
24.71,291,"TX"
7.61,291,"MO"
27.51,291,"MI"
25.11,290,"TX"
33.02,290,"MO"
34.61,290,"MI"
7.81,289,"TX"
34.67,289,"MO"
34.81,289,"MI"
34.81,288,"TX"
32.69,288,"MO"
26.81,288,"MI"
21.41,287,"TX"
30.71,287,"MO"
26.41,287,"MI"
22.51,286,"TX"
34.89,286,"MO"
22.01,286,"MI"
34.81,285,"TX"
34.67,285,"MO"
30.31,285,"MI"
32.71,284,"TX"
26.09,284,"MO"
30.11,284,"MI"
33.01,283,"TX"
22.46,283,"MO"
25.01,283,"MI"
24.41,282,"TX"
34.78,282,"MO"
26.51,282,"MI"
28.81,281,"TX"
21.14,281,"MO"
28.31,281,"MI"
30.71,280,"TX"
34.67,280,"MO"
31.31,280,"MI"
34.81,279,"TX"
7.61,279,"MO"
25.61,279,"MI"
34.81,278,"TX"
34.89,278,"MO"
28.91,278,"MI"
24.91,277,"TX"
7.61,277,"MO"
26.71,277,"MI"
21.11,276,"TX"
34.67,276,"MO"
34.61,276,"MI"
28.81,275,"TX"
34.67,275,"MO"
20.31,275,"MI"
26.71,274,"TX"
7.61,274,"MO"
28.61,274,"MI"
23.41,273,"TX"
31.37,273,"MO"
23.51,273,"MI"
24.71,272,"TX"
31.04,272,"MO"
32.21,272,"MI"
32.11,271,"TX"
34.78,271,"MO"
31.31,271,"MI"
23.61,270,"TX"
33.79,270,"MO"
23.11,270,"MI"
34.81,269,"TX"
34.78,269,"MO"
27.11,269,"MI"
34.61,268,"TX"
27.41,268,"MO"
31.31,268,"MI"
34.81,267,"TX"
34.67,267,"MO"
34.61,267,"MI"
34.81,266,"TX"
28.51,266,"MO"
25.31,266,"MI"
27.31,265,"TX"
7.61,265,"MO"
34.61,265,"MI"
34.81,264,"TX"
7.61,264,"MO"
34.21,264,"MI"
34.81,263,"TX"
25.76,263,"MO"
23.11,263,"MI"
24.01,262,"TX"
34.67,262,"MO"
23.21,262,"MI"
22.51,261,"TX"
30.05,261,"MO"
34.61,261,"MI"
34.81,260,"TX"
34.67,260,"MO"
34.61,260,"MI"
34.61,259,"TX"
34.67,259,"MO"
27.01,259,"MI"
34.81,258,"TX"
7.61,258,"MO"
25.31,258,"MI"
22.71,257,"TX"
32.69,257,"MO"
23.71,257,"MI"
34.81,256,"TX"
7.61,256,"MO"
31.31,256,"MI"
34.81,255,"TX"
34.67,255,"MO"
27.11,255,"MI"
22.91,254,"TX"
7.61,254,"MO"
28.81,254,"MI"
34.81,253,"TX"
7.61,253,"MO"
30.71,253,"MI"
27.01,252,"TX"
34.67,252,"MO"
24.31,252,"MI"
25.01,251,"TX"
34.89,251,"MO"
34.81,251,"MI"
27.41,250,"TX"
34.67,250,"MO"
23.11,250,"MI"
34.81,249,"TX"
34.78,249,"MO"
24.11,249,"MI"
34.61,248,"TX"
30.38,248,"MO"
28.01,248,"MI"
25.11,247,"TX"
7.61,247,"MO"
26.91,247,"MI"
34.61,246,"TX"
34.67,246,"MO"
30.91,246,"MI"
23.61,245,"TX"
34.67,245,"MO"
25.01,245,"MI"
34.61,244,"TX"
30.71,244,"MO"
23.51,244,"MI"
24.11,243,"TX"
34.67,243,"MO"
32.81,243,"MI"
34.81,242,"TX"
28.95,242,"MO"
21.01,242,"MI"
24.01,241,"TX"
34.89,241,"MO"
25.31,241,"MI"
24.81,240,"TX"
7.61,240,"MO"
24.71,240,"MI"
21.61,239,"TX"
34.89,239,"MO"
24.51,239,"MI"
34.81,238,"TX"
25.1,238,"MO"
25.31,238,"MI"
24.61,237,"TX"
25.76,237,"MO"
31.91,237,"MI"
7.81,236,"TX"
34.78,236,"MO"
34.81,236,"MI"
24.01,235,"TX"
30.49,235,"MO"
23.31,235,"MI"
21.41,234,"TX"
7.61,234,"MO"
34.81,234,"MI"
29.11,233,"TX"
34.67,233,"MO"
24.71,233,"MI"
34.81,232,"TX"
27.19,232,"MO"
25.31,232,"MI"
34.81,231,"TX"
34.78,231,"MO"
25.51,231,"MI"
23.01,230,"TX"
7.61,230,"MO"
26.71,230,"MI"
23.51,229,"TX"
28.84,229,"MO"
23.31,229,"MI"
27.01,228,"TX"
34.89,228,"MO"
26.21,228,"MI"
34.61,227,"TX"
34.67,227,"MO"
24.71,227,"MI"
34.61,226,"TX"
34.89,226,"MO"
25.91,226,"MI"
34.81,225,"TX"
31.04,225,"MO"
24.71,225,"MI"
34.61,224,"TX"
7.72,224,"MO"
25.81,224,"MI"
33.61,223,"TX"
34.67,223,"MO"
28.01,223,"MI"
22.91,222,"TX"
34.67,222,"MO"
25.01,222,"MI"
26.41,221,"TX"
34.67,221,"MO"
26.81,221,"MI"
34.61,220,"TX"
25.21,220,"MO"
24.91,220,"MI"
26.41,219,"TX"
28.4,219,"MO"
22.51,219,"MI"
29.51,218,"TX"
34.78,218,"MO"
34.81,218,"MI"
28.21,217,"TX"
34.67,217,"MO"
26.21,217,"MI"
34.81,216,"TX"
26.42,216,"MO"
26.21,216,"MI"
34.81,215,"TX"
26.86,215,"MO"
24.71,215,"MI"
34.81,214,"TX"
34.67,214,"MO"
23.21,214,"MI"
23.61,213,"TX"
34.89,213,"MO"
24.61,213,"MI"
34.81,212,"TX"
34.67,212,"MO"
29.21,212,"MI"
34.81,211,"TX"
34.89,211,"MO"
23.01,211,"MI"
26.51,210,"TX"
34.67,210,"MO"
24.71,210,"MI"
34.81,209,"TX"
34.78,209,"MO"
24.71,209,"MI"
24.71,208,"TX"
34.89,208,"MO"
24.51,208,"MI"
27.31,207,"TX"
13.55,207,"MO"
32.81,207,"MI"
25.41,206,"TX"
28.62,206,"MO"
23.21,206,"MI"
34.81,205,"TX"
34.67,205,"MO"
23.81,205,"MI"
34.61,204,"TX"
34.67,204,"MO"
24.61,204,"MI"
34.81,203,"TX"
34.89,203,"MO"
22.51,203,"MI"
34.81,202,"TX"
30.38,202,"MO"
22.51,202,"MI"
25.41,201,"TX"
34.89,201,"MO"
28.21,201,"MI"
25.21,200,"TX"
34.78,200,"MO"
27.11,200,"MI"
34.81,199,"TX"
34.67,199,"MO"
26.81,199,"MI"
29.11,198,"TX"
7.61,198,"MO"
34.61,198,"MI"
34.81,197,"TX"
28.07,197,"MO"
24.71,197,"MI"
34.81,196,"TX"
24.88,196,"MO"
34.61,196,"MI"
34.81,195,"TX"
7.61,195,"MO"
24.11,195,"MI"
34.61,194,"TX"
34.67,194,"MO"
25.91,194,"MI"
34.81,193,"TX"
30.71,193,"MO"
28.01,193,"MI"
34.81,192,"TX"
21.25,192,"MO"
32.51,192,"MI"
34.61,191,"TX"
34.67,191,"MO"
34.61,191,"MI"
22.91,190,"TX"
7.61,190,"MO"
23.21,190,"MI"
34.81,189,"TX"
27.08,189,"MO"
23.11,189,"MI"
34.61,188,"TX"
12.89,188,"MO"
23.71,188,"MI"
34.81,187,"TX"
14.43,187,"MO"
23.41,187,"MI"
34.81,186,"TX"
34.67,186,"MO"
26.81,186,"MI"
25.21,185,"TX"
34.89,185,"MO"
26.31,185,"MI"
26.71,184,"TX"
19.16,184,"MO"
24.01,184,"MI"
34.81,183,"TX"
34.89,183,"MO"
25.41,183,"MI"
34.81,182,"TX"
26.75,182,"MO"
25.31,182,"MI"
34.61,181,"TX"
30.82,181,"MO"
27.71,181,"MI"
34.81,180,"TX"
34.67,180,"MO"
22.61,180,"MI"
34.81,179,"TX"
34.89,179,"MO"
24.71,179,"MI"
34.81,178,"TX"
7.61,178,"MO"
24.91,178,"MI"
34.81,177,"TX"
24.55,177,"MO"
28.61,177,"MI"
26.11,176,"TX"
25.1,176,"MO"
29.81,176,"MI"
23.51,175,"TX"
34.89,175,"MO"
26.41,175,"MI"
28.51,174,"TX"
34.78,174,"MO"
26.51,174,"MI"
34.81,173,"TX"
34.78,173,"MO"
27.61,173,"MI"
28.21,172,"TX"
7.61,172,"MO"
27.41,172,"MI"
22.31,171,"TX"
30.05,171,"MO"
23.51,171,"MI"
27.91,170,"TX"
7.61,170,"MO"
29.71,170,"MI"
26.51,169,"TX"
34.67,169,"MO"
32.21,169,"MI"
26.71,168,"TX"
7.72,168,"MO"
24.61,168,"MI"
34.81,167,"TX"
19.49,167,"MO"
31.41,167,"MI"
34.81,166,"TX"
34.67,166,"MO"
26.81,166,"MI"
23.21,165,"TX"
7.61,165,"MO"
28.51,165,"MI"
34.81,164,"TX"
34.67,164,"MO"
28.01,164,"MI"
30.71,163,"TX"
34.89,163,"MO"
34.81,163,"MI"
34.61,162,"TX"
34.67,162,"MO"
24.11,162,"MI"
34.81,161,"TX"
34.78,161,"MO"
28.91,161,"MI"
22.91,160,"TX"
34.67,160,"MO"
28.91,160,"MI"
25.81,159,"TX"
15.2,159,"MO"
24.71,159,"MI"
24.01,158,"TX"
34.78,158,"MO"
27.41,158,"MI"
34.81,157,"TX"
27.52,157,"MO"
24.61,157,"MI"
28.91,156,"TX"
24.44,156,"MO"
27.41,156,"MI"
34.81,155,"TX"
7.61,155,"MO"
25.61,155,"MI"
34.81,154,"TX"
34.67,154,"MO"
25.61,154,"MI"
22.41,153,"TX"
31.37,153,"MO"
30.91,153,"MI"
30.61,152,"TX"
33.68,152,"MO"
24.41,152,"MI"
34.81,151,"TX"
7.61,151,"MO"
22.91,151,"MI"
26.31,150,"TX"
7.72,150,"MO"
23.51,150,"MI"
24.51,149,"TX"
34.89,149,"MO"
25.11,149,"MI"
21.81,148,"TX"
34.89,148,"MO"
25.81,148,"MI"
23.41,147,"TX"
34.67,147,"MO"
25.31,147,"MI"
34.61,146,"TX"
7.72,146,"MO"
25.21,146,"MI"
34.81,145,"TX"
34.67,145,"MO"
26.21,145,"MI"
28.31,144,"TX"
34.78,144,"MO"
27.41,144,"MI"
34.81,143,"TX"
34.89,143,"MO"
24.11,143,"MI"
22.21,142,"TX"
34.78,142,"MO"
26.51,142,"MI"
34.81,141,"TX"
27.52,141,"MO"
26.21,141,"MI"
17.41,140,"TX"
34.67,140,"MO"
34.61,140,"MI"
24.01,139,"TX"
34.89,139,"MO"
27.71,139,"MI"
34.81,138,"TX"
34.89,138,"MO"
34.81,138,"MI"
26.41,137,"TX"
34.67,137,"MO"
23.51,137,"MI"
34.61,136,"TX"
34.67,136,"MO"
25.61,136,"MI"
27.51,135,"TX"
34.89,135,"MO"
34.81,135,"MI"
24.41,134,"TX"
7.72,134,"MO"
27.41,134,"MI"
34.81,133,"TX"
34.67,133,"MO"
24.61,133,"MI"
28.01,132,"TX"
34.89,132,"MO"
23.41,132,"MI"
34.81,131,"TX"
34.67,131,"MO"
25.31,131,"MI"
34.61,130,"TX"
30.71,130,"MO"
26.41,130,"MI"
23.61,129,"TX"
28.18,129,"MO"
23.51,129,"MI"
30.11,128,"TX"
34.67,128,"MO"
24.31,128,"MI"
34.81,127,"TX"
7.61,127,"MO"
28.51,127,"MI"
28.51,126,"TX"
7.72,126,"MO"
23.81,126,"MI"
31.61,125,"TX"
34.67,125,"MO"
34.61,125,"MI"
25.91,124,"TX"
7.61,124,"MO"
29.11,124,"MI"
34.81,123,"TX"
34.67,123,"MO"
23.51,123,"MI"
34.71,122,"TX"
34.78,122,"MO"
23.21,122,"MI"
34.81,121,"TX"
34.89,121,"MO"
30.71,121,"MI"
34.81,120,"TX"
7.61,120,"MO"
25.91,120,"MI"
34.61,119,"TX"
34.67,119,"MO"
32.21,119,"MI"
21.61,118,"TX"
34.67,118,"MO"
24.11,118,"MI"
34.81,117,"TX"
23.89,117,"MO"
23.71,117,"MI"
25.51,116,"TX"
32.36,116,"MO"
23.51,116,"MI"
23.21,115,"TX"
7.61,115,"MO"
34.81,115,"MI"
34.81,114,"TX"
22.24,114,"MO"
24.71,114,"MI"
24.51,113,"TX"
34.67,113,"MO"
25.91,113,"MI"
34.81,112,"TX"
32.03,112,"MO"
23.51,112,"MI"
26.71,111,"TX"
7.72,111,"MO"
24.71,111,"MI"
34.81,110,"TX"
33.68,110,"MO"
32.81,110,"MI"
23.81,109,"TX"
32.03,109,"MO"
25.91,109,"MI"
34.61,108,"TX"
26.09,108,"MO"
24.41,108,"MI"
19.91,107,"TX"
26.97,107,"MO"
24.11,107,"MI"
30.91,106,"TX"
7.72,106,"MO"
34.81,106,"MI"
34.81,105,"TX"
21.91,105,"MO"
34.61,105,"MI"
25.11,104,"TX"
22.02,104,"MO"
24.21,104,"MI"
29.41,103,"TX"
16.52,103,"MO"
25.91,103,"MI"
34.81,102,"TX"
27.41,102,"MO"
27.41,102,"MI"
21.11,101,"TX"
28.73,101,"MO"
25.01,101,"MI"
34.81,100,"TX"
34.67,100,"MO"
25.81,100,"MI"
34.81,99,"TX"
30.05,99,"MO"
26.21,99,"MI"
28.51,98,"TX"
34.67,98,"MO"
23.81,98,"MI"
22.01,97,"TX"
34.89,97,"MO"
30.41,97,"MI"
34.61,96,"TX"
34.67,96,"MO"
27.51,96,"MI"
28.51,95,"TX"
27.85,95,"MO"
25.61,95,"MI"
29.91,94,"TX"
34.89,94,"MO"
22.31,94,"MI"
7.81,93,"TX"
22.79,93,"MO"
34.61,93,"MI"
24.41,92,"TX"
30.38,92,"MO"
21.41,92,"MI"
31.91,91,"TX"
26.09,91,"MO"
26.21,91,"MI"
23.41,90,"TX"
34.89,90,"MO"
23.11,90,"MI"
34.81,89,"TX"
26.42,89,"MO"
28.01,89,"MI"
7.81,88,"TX"
34.01,88,"MO"
28.61,88,"MI"
34.21,87,"TX"
7.61,87,"MO"
26.41,87,"MI"
34.81,86,"TX"
19.93,86,"MO"
23.41,86,"MI"
27.21,85,"TX"
25.21,85,"MO"
23.21,85,"MI"
25.91,84,"TX"
34.89,84,"MO"
34.81,84,"MI"
34.81,83,"TX"
31.48,83,"MO"
23.51,83,"MI"
30.61,82,"TX"
7.61,82,"MO"
21.41,82,"MI"
21.91,81,"TX"
34.89,81,"MO"
24.51,81,"MI"
34.81,80,"TX"
34.67,80,"MO"
23.51,80,"MI"
31.81,79,"TX"
34.89,79,"MO"
24.41,79,"MI"
22.01,78,"TX"
34.67,78,"MO"
29.11,78,"MI"
24.21,77,"TX"
34.78,77,"MO"
31.01,77,"MI"
21.61,76,"TX"
34.89,76,"MO"
25.01,76,"MI"
34.61,75,"TX"
34.67,75,"MO"
25.31,75,"MI"
25.81,74,"TX"
7.61,74,"MO"
27.31,74,"MI"
34.81,73,"TX"
27.52,73,"MO"
21.41,73,"MI"
34.21,72,"TX"
7.61,72,"MO"
24.11,72,"MI"
26.31,71,"TX"
34.78,71,"MO"
22.91,71,"MI"
23.71,70,"TX"
34.67,70,"MO"
28.61,70,"MI"
34.61,69,"TX"
30.71,69,"MO"
24.71,69,"MI"
34.81,68,"TX"
34.89,68,"MO"
25.11,68,"MI"
26.11,67,"TX"
25.76,67,"MO"
22.91,67,"MI"
34.61,66,"TX"
30.49,66,"MO"
22.61,66,"MI"
34.81,65,"TX"
7.61,65,"MO"
27.61,65,"MI"
7.81,64,"TX"
34.67,64,"MO"
22.91,64,"MI"
32.11,63,"TX"
34.67,63,"MO"
24.11,63,"MI"
34.81,62,"TX"
24.33,62,"MO"
25.71,62,"MI"
34.61,61,"TX"
33.46,61,"MO"
25.31,61,"MI"
28.21,60,"TX"
28.4,60,"MO"
23.41,60,"MI"
25.21,59,"TX"
34.89,59,"MO"
34.81,59,"MI"
34.61,58,"TX"
34.78,58,"MO"
25.21,58,"MI"
27.11,57,"TX"
34.89,57,"MO"
22.21,57,"MI"
33.01,56,"TX"
34.89,56,"MO"
24.01,56,"MI"
34.81,55,"TX"
27.3,55,"MO"
24.91,55,"MI"
34.61,54,"TX"
7.61,54,"MO"
23.21,54,"MI"
23.31,53,"TX"
34.56,53,"MO"
24.11,53,"MI"
23.51,52,"TX"
7.61,52,"MO"
23.41,52,"MI"
29.41,51,"TX"
34.67,51,"MO"
23.71,51,"MI"
34.81,50,"TX"
25.76,50,"MO"
31.31,50,"MI"
34.81,49,"TX"
28.73,49,"MO"
29.21,49,"MI"
23.91,48,"TX"
34.67,48,"MO"
25.01,48,"MI"
34.81,47,"TX"
7.61,47,"MO"
26.41,47,"MI"
34.01,46,"TX"
7.61,46,"MO"
26.21,46,"MI"
34.81,45,"TX"
30.38,45,"MO"
32.81,45,"MI"
34.81,44,"TX"
34.67,44,"MO"
29.21,44,"MI"
34.61,43,"TX"
34.67,43,"MO"
25.61,43,"MI"
34.81,42,"TX"
34.67,42,"MO"
34.61,42,"MI"
25.11,41,"TX"
7.61,41,"MO"
29.31,41,"MI"
34.81,40,"TX"
34.89,40,"MO"
28.11,40,"MI"
24.61,39,"TX"
7.61,39,"MO"
33.41,39,"MI"
34.81,38,"TX"
7.72,38,"MO"
34.81,38,"MI"
34.81,37,"TX"
32.14,37,"MO"
25.01,37,"MI"
24.61,36,"TX"
34.89,36,"MO"
25.01,36,"MI"
34.81,35,"TX"
34.89,35,"MO"
34.81,35,"MI"
34.81,34,"TX"
34.89,34,"MO"
23.51,34,"MI"
25.51,33,"TX"
34.67,33,"MO"
23.71,33,"MI"
24.11,32,"TX"
34.89,32,"MO"
30.71,32,"MI"
34.81,31,"TX"
32.03,31,"MO"
26.21,31,"MI"
23.01,30,"TX"
34.89,30,"MO"
22.01,30,"MI"
34.81,29,"TX"
34.67,29,"MO"
34.61,29,"MI"
23.71,28,"TX"
34.67,28,"MO"
24.11,28,"MI"
34.61,27,"TX"
29.39,27,"MO"
23.51,27,"MI"
24.41,26,"TX"
34.67,26,"MO"
20.81,26,"MI"
34.81,25,"TX"
34.78,25,"MO"
24.71,25,"MI"
26.41,24,"TX"
7.61,24,"MO"
27.71,24,"MI"
25.21,23,"TX"
7.61,23,"MO"
25.01,23,"MI"
7.81,22,"TX"
34.67,22,"MO"
26.81,22,"MI"
26.11,21,"TX"
7.61,21,"MO"
23.21,21,"MI"
34.81,20,"TX"
7.61,20,"MO"
34.21,20,"MI"
23.81,19,"TX"
34.78,19,"MO"
22.61,19,"MI"
34.81,18,"TX"
34.67,18,"MO"
28.31,18,"MI"
34.81,17,"TX"
25.21,17,"MO"
22.51,17,"MI"
34.81,16,"TX"
30.05,16,"MO"
25.01,16,"MI"
34.61,15,"TX"
28.4,15,"MO"
24.71,15,"MI"
34.81,14,"TX"
34.67,14,"MO"
33.41,14,"MI"
23.51,13,"TX"
34.67,13,"MO"
24.61,13,"MI"
34.81,12,"TX"
34.78,12,"MO"
23.21,12,"MI"
34.81,11,"TX"
34.67,11,"MO"
31.31,11,"MI"
32.21,10,"TX"
21.8,10,"MO"
30.71,10,"MI"
34.81,9,"TX"
34.67,9,"MO"
25.31,9,"MI"
34.81,8,"TX"
34.67,8,"MO"
24.11,8,"MI"
24.91,7,"TX"
34.34,7,"MO"
22.21,7,"MI"
34.81,6,"TX"
30.38,6,"MO"
23.51,6,"MI"
34.81,5,"TX"
31.04,5,"MO"
22.21,5,"MI"
34.81,4,"TX"
25.43,4,"MO"
22.61,4,"MI"
29.71,3,"TX"
31.04,3,"MO"
26.21,3,"MI"
34.81,2,"TX"
34.67,2,"MO"
23.61,2,"MI"
30.01,1,"TX"
24.11,1,"MO"
24.71,1,"MI"
